iduser;cn0;cn1;cn2;cn3;cn4;cnsan0;cnsan1;cnsan2;cnsan3;cnsan4;aa0;aa1;aa2;aa3;aa4;topid0;topid1;topid2;topid3;topid4;topatt0;topatt1
16;0.91-1.00;0.91-1.00;0.91-1.00;;;0.91-1.00;0.91-1.00;0.91-1.00;;;0.81-0.90;0.91-1.00;0.21-0.30;;;NO;NO;NO;NO;NO;YES;NO
269;0.91-1.00;0.91-1.00;0.91-1.00;;;0.91-1.00;0.91-1.00;0.91-1.00;;;0.91-1.00;0.31-0.40;0.91-1.00;;;NO;NO;YES;NO;YES;YES;NO
503;0.00;0.91-1.00;0.91-1.00;;;0.00;0.91-1.00;0.91-1.00;;;0.00;0.91-1.00;0.91-1.00;;;NO;NO;NO;YES;NO;YES;NO
575;0.91-1.00;0.00;0.91-1.00;;;0.91-1.00;0.00;0.91-1.00;;;0.91-1.00;0.00;0.91-1.00;;;NO;NO;YES;NO;YES;YES;YES
604;0.00;0.00;0.00;;;0.00;0.00;0.00;;;0.00;0.00;0.00;;;NO;NO;NO;YES;NO;YES;NO
726;0.91-1.00;0.00;0.00;;;0.91-1.00;0.00;0.00;;;0.31-0.40;0.00;0.00;;;YES;NO;YES;NO;NO;NO;NO
840;0.00;0.91-1.00;0.00;;;0.00;0.91-1.00;0.00;;;0.00;0.71-0.80;0.00;;;YES;NO;YES;NO;NO;NO;NO
914;0.91-1.00;0.91-1.00;0.91-1.00;;;0.91-1.00;0.91-1.00;0.91-1.00;;;0.91-1.00;0.91-1.00;0.71-0.80;;;NO;NO;NO;YES;NO;NO;NO
916;0.00;0.00;0.00;;;0.00;0.00;0.00;;;0.00;0.00;0.00;;;NO;NO;NO;YES;NO;NO;NO
947;0.91-1.00;0.91-1.00;0.91-1.00;;;0.91-1.00;0.91-1.00;0.91-1.00;;;0.81-0.90;0.91-1.00;0.41-0.50;;;NO;NO;NO;YES;NO;YES;NO
963;0.91-1.00;0.91-1.00;0.91-1.00;;;0.91-1.00;0.91-1.00;0.91-1.00;;;0.91-1.00;0.71-0.80;0.91-1.00;;;NO;NO;YES;NO;YES;YES;NO
968;0.91-1.00;0.91-1.00;0.00;;;0.91-1.00;0.91-1.00;0.00;;;0.91-1.00;0.61-0.70;0.00;;;NO;NO;NO;YES;NO;NO;NO
971;0.91-1.00;0.91-1.00;0.91-1.00;;;0.91-1.00;0.91-1.00;0.91-1.00;;;0.91-1.00;0.21-0.30;0.91-1.00;;;NO;NO;YES;NO;NO;YES;YES
1023;0.00;0.00;0.00;;;0.00;0.00;0.00;;;0.00;0.00;0.00;;;YES;NO;NO;NO;NO;NO;NO
1043;0.91-1.00;0.91-1.00;0.00;;;0.91-1.00;0.91-1.00;0.00;;;0.61-0.70;0.91-1.00;0.00;;;NO;NO;NO;YES;YES;YES;NO
1176;0.91-1.00;0.00;0.00;;;0.91-1.00;0.00;0.00;;;0.91-1.00;0.00;0.00;;;NO;NO;NO;YES;NO;NO;NO
1208;0.00;0.91-1.00;0.00;;;0.00;0.91-1.00;0.00;;;0.00;0.41-0.50;0.00;;;NO;NO;NO;YES;NO;YES;NO
1218;0.00;0.00;0.00;;;0.91-1.00;0.00;0.00;;;0.00;0.00;0.00;;;NO;NO;NO;YES;NO;YES;NO
1400;0.91-1.00;0.91-1.00;0.00;;;0.91-1.00;0.91-1.00;0.00;;;0.91-1.00;0.91-1.00;0.00;;;NO;NO;NO;YES;NO;NO;NO
1525;0.00;0.00;0.00;;;0.00;0.00;0.00;;;0.00;0.00;0.00;;;NO;YES;NO;YES;NO;NO;NO
1538;0.91-1.00;0.00;0.00;;;0.91-1.00;0.00;0.00;;;0.91-1.00;0.00;0.00;;;YES;NO;NO;NO;NO;NO;NO
1614;0.00;0.91-1.00;0.00;;;0.00;0.91-1.00;0.00;;;0.00;0.51-0.60;0.00;;;NO;NO;NO;YES;NO;YES;NO
1657;0.00;0.91-1.00;0.91-1.00;;;0.00;0.91-1.00;0.91-1.00;;;0.00;0.51-0.60;0.51-0.60;;;NO;YES;YES;NO;NO;YES;NO
1702;0.00;0.00;0.00;;;0.00;0.00;0.00;;;0.00;0.00;0.00;;;YES;NO;NO;NO;NO;NO;NO
1703;0.91-1.00;0.00;0.00;;;0.91-1.00;0.00;0.00;;;0.91-1.00;0.00;0.00;;;YES;NO;YES;NO;NO;YES;YES
1833;0.91-1.00;0.91-1.00;0.91-1.00;;;0.91-1.00;0.91-1.00;0.91-1.00;;;0.41-0.50;0.91-1.00;0.41-0.50;;;NO;YES;YES;NO;NO;YES;NO
1879;0.00;0.00;0.00;;;0.00;0.00;0.00;;;0.00;0.00;0.00;;;YES;NO;NO;NO;NO;NO;YES
1927;0.91-1.00;0.00;0.00;;;0.91-1.00;0.00;0.00;;;0.31-0.40;0.00;0.00;;;YES;NO;NO;NO;NO;NO;YES
2026;0.00;0.91-1.00;0.00;;;0.00;0.91-1.00;0.00;;;0.00;0.91-1.00;0.00;;;NO;NO;NO;YES;NO;YES;NO
2038;0.91-1.00;0.91-1.00;0.91-1.00;;;0.91-1.00;0.91-1.00;0.91-1.00;;;0.91-1.00;0.71-0.80;0.91-1.00;;;YES;NO;NO;NO;YES;YES;NO
2074;0.91-1.00;0.00;0.00;;;0.91-1.00;0.00;0.00;;;0.41-0.50;0.00;0.00;;;YES;NO;NO;NO;NO;NO;YES
2170;0.00;0.91-1.00;0.00;;;0.00;0.91-1.00;0.00;;;0.00;0.61-0.70;0.00;;;NO;NO;NO;YES;NO;YES;NO
2188;0.91-1.00;0.91-1.00;0.91-1.00;;;0.91-1.00;0.91-1.00;0.91-1.00;;;0.71-0.80;0.91-1.00;0.31-0.40;;;NO;NO;NO;YES;NO;YES;NO
2538;0.00;0.91-1.00;0.00;;;0.00;0.91-1.00;0.00;;;0.00;0.71-0.80;0.00;;;NO;NO;NO;YES;NO;YES;YES
2558;0.91-1.00;0.00;0.00;;;0.91-1.00;0.00;0.00;;;0.91-1.00;0.00;0.00;;;YES;NO;YES;NO;NO;NO;NO
2666;0.91-1.00;0.91-1.00;0.91-1.00;;;0.91-1.00;0.91-1.00;0.91-1.00;;;0.91-1.00;0.21-0.30;0.81-0.90;;;YES;NO;NO;NO;NO;YES;NO
2717;0.91-1.00;0.00;0.00;;;0.91-1.00;0.00;0.00;;;0.61-0.70;0.00;0.00;;;NO;NO;NO;YES;NO;YES;NO
2801;0.00;0.91-1.00;0.00;;;0.00;0.91-1.00;0.00;;;0.00;0.71-0.80;0.00;;;NO;NO;NO;YES;NO;YES;NO
2861;0.91-1.00;0.91-1.00;0.91-1.00;;;0.91-1.00;0.91-1.00;0.91-1.00;;;0.31-0.40;0.91-1.00;0.61-0.70;;;NO;NO;YES;YES;NO;YES;NO
3047;0.91-1.00;0.91-1.00;0.00;;;0.91-1.00;0.91-1.00;0.00;;;0.51-0.60;0.51-0.60;0.00;;;NO;NO;NO;YES;NO;YES;NO
3050;0.00;0.00;0.00;;;0.00;0.00;0.00;;;0.00;0.00;0.00;;;NO;NO;NO;YES;NO;NO;NO
3103;0.00;0.00;0.00;;;0.00;0.00;0.00;;;0.00;0.00;0.00;;;YES;NO;NO;NO;NO;NO;NO
3125;0.00;0.00;0.00;;;0.00;0.00;0.00;;;0.00;0.00;0.00;;;NO;NO;NO;YES;NO;NO;NO
3258;0.91-1.00;0.91-1.00;0.91-1.00;;;0.91-1.00;0.91-1.00;0.91-1.00;;;0.91-1.00;0.31-0.40;0.91-1.00;;;NO;NO;YES;NO;YES;YES;NO
3276;0.91-1.00;0.00;0.91-1.00;;;0.91-1.00;0.00;0.91-1.00;;;0.91-1.00;0.00;0.91-1.00;;;NO;NO;NO;YES;NO;YES;NO
3538;0.91-1.00;0.91-1.00;0.91-1.00;;;0.91-1.00;0.91-1.00;0.91-1.00;;;0.81-0.90;0.91-1.00;0.41-0.50;;;NO;NO;NO;YES;NO;YES;NO
3670;0.00;0.91-1.00;0.00;;;0.00;0.91-1.00;0.00;;;0.00;0.91-1.00;0.00;;;NO;NO;NO;YES;NO;NO;NO
3833;0.00;0.00;0.91-1.00;;;0.00;0.00;0.91-1.00;;;0.00;0.00;0.31-0.40;;;YES;NO;NO;NO;NO;NO;NO
3939;0.00;0.00;0.91-1.00;;;0.00;0.00;0.91-1.00;;;0.00;0.00;0.41-0.50;;;YES;NO;NO;NO;YES;NO;NO
4158;0.91-1.00;0.91-1.00;0.91-1.00;;;0.91-1.00;0.91-1.00;0.91-1.00;;;0.91-1.00;0.31-0.40;0.91-1.00;;;NO;NO;YES;NO;YES;YES;NO
4320;0.91-1.00;0.00;0.00;;;0.91-1.00;0.00;0.00;;;0.71-0.80;0.00;0.00;;;YES;NO;NO;NO;NO;NO;NO
4339;0.91-1.00;0.91-1.00;0.91-1.00;;;0.91-1.00;0.91-1.00;0.91-1.00;;;0.21-0.30;0.21-0.30;0.21-0.30;;;NO;NO;NO;YES;NO;NO;NO
4376;0.91-1.00;0.00;0.91-1.00;;;0.91-1.00;0.00;0.91-1.00;;;0.91-1.00;0.00;0.51-0.60;;;YES;NO;NO;NO;NO;NO;NO
4387;0.91-1.00;0.91-1.00;0.00;;;0.91-1.00;0.91-1.00;0.00;;;0.41-0.50;0.91-1.00;0.00;;;NO;NO;YES;YES;NO;NO;NO
4456;0.91-1.00;0.91-1.00;0.91-1.00;;;0.91-1.00;0.91-1.00;0.91-1.00;;;0.91-1.00;0.91-1.00;0.71-0.80;;;NO;NO;NO;YES;NO;YES;NO
4458;0.00;0.00;0.00;;;0.00;0.00;0.00;;;0.00;0.00;0.00;;;NO;NO;NO;YES;NO;NO;NO
4646;0.91-1.00;0.91-1.00;0.00;;;0.91-1.00;0.91-1.00;0.00;;;0.91-1.00;0.91-1.00;0.00;;;NO;NO;NO;YES;NO;YES;NO
4681;0.00;0.00;0.00;;;0.00;0.00;0.00;;;0.00;0.00;0.00;;;NO;NO;NO;YES;NO;YES;NO
4936;0.00;0.91-1.00;0.00;;;0.00;0.91-1.00;0.00;;;0.00;0.91-1.00;0.00;;;NO;NO;NO;YES;NO;NO;NO
4989;0.00;0.00;0.00;;;0.00;0.00;0.00;;;0.00;0.00;0.00;;;NO;NO;NO;YES;NO;YES;NO
5018;0.91-1.00;0.00;0.91-1.00;;;0.91-1.00;0.00;0.91-1.00;;;0.91-1.00;0.00;0.91-1.00;;;YES;NO;YES;NO;NO;YES;NO
5110;0.00;0.00;0.00;;;0.00;0.00;0.00;;;0.00;0.00;0.00;;;NO;NO;NO;YES;NO;YES;NO
5138;0.91-1.00;0.91-1.00;0.91-1.00;;;0.91-1.00;0.91-1.00;0.91-1.00;;;0.91-1.00;0.61-0.70;0.91-1.00;;;NO;NO;NO;NO;YES;YES;NO
